Kimball,Hudson,Kimball,C
Kimball,C,Kimball,Seth
Kimball,Seth,Kimball,Browning
Kimball,Browning,Kimball,College
Kimball,College,Kimball,Denison
Kimball,Denison,Kimball,NManhattan
Dickens,Hudson,Dickens,C
Dickens,C,Dickens,Seth
Dickens,Seth,Dickens,Browning
Dickens,Browning,Dickens,College
Claflin,Hudson,Claflin,C
Claflin,C,Claflin,Seth
Claflin,Seth,Claflin,Browning
Claflin,Browning,Claflin,College
Claflin,College,Claflin,Denison
Claflin,Denison,Claflin,NManhattan
Kimball,Hudson,Dickens,Hudson
Dickens,Hudson,Claflin,Hudson
Kimball,C,Dickens,C
Dickens,C,Claflin,C
Kimball,Seth,Dickens,Seth
Dickens,Seth,Claflin,Seth
Kimball,Browning,Dickens,Browning
Dickens,Browning,Claflin,Browning
Kimball,College,Dickens,College
Dickens,College,Dickens,Browning
Kimball,Denison,Claflin,Denison
Kimball,NManhattan,Claflin,NManhattan
Seth,Seth,Kimball,Seth
Browning,Browning,Kimball,Browning
College,College,Kimball,College
Denison,Denison,Kimball,Denison
